{"computer science": {"corr": 2.0, "wrong": 1.0, "acc": 0.6666666666666666}, "total": {"corr": 2.0, "wrong": 1.0, "acc": 0.6666666666666666}}