{"math": {"corr": 1.0, "wrong": 2.0, "acc": 0.3333333333333333}, "total": {"corr": 1.0, "wrong": 2.0, "acc": 0.3333333333333333}}